Action Item,Priority,Target,Status,Due Date,Owner
Add Art 31 (Cooperation) to I.1/I.4,P1,Enhance control,Pending,,
Add Art 36 (Prior Consultation) to B.2,P1,Enhance control,Pending,,
Enhance Art 12 (Transparency) in H.1,P1,Enhance control,Pending,,
Enhance Art 19 (Notification) in H.2,P1,Enhance control,Pending,,
Add Art 48 (Unlawful Transfers) to A.3,P1,Enhance control,Pending,,
Document scope - Art 13-14 (Controller),P2,Documentation,Pending,,
Document scope - Art 21-22 (Controller),P2,Documentation,Pending,,
Document scope - Art 26-27 (Controller),P2,Documentation,Pending,,
Document scope - Art 37-39 (Optional),P2,Documentation,Pending,,
Create data classification policy (Art 7-11),P2,Policy,Pending,,
Tag all ISAE controls in cyberday,P3,Cyberday,Pending,,
Upload document evidence,P3,Cyberday,Pending,,
Verify all GDPR references,P3,Review,Pending,,
Prepare final audit evidence package,P3,Deliverable,Pending,,
